binning_data;update_time;create_time;source_pkg_name;source_type;count;speed;distance;calorie;deviceuuid;pkg_name;datauuid;day_time
9cf03a1c-d638-4faa-b759-e2345420975e.binning_data.json;2022-04-07 05:45:02.459;2022-04-06 05:46:08.801;com.sec.android.app.shealth;-2;16935;15194901;13688429;75698004;VfS0qUERdZ;com.sec.android.app.shealth;9cf03a1c-d638-4faa-b759-e2345420975e;1,6492E+12
d1480535-b30e-466e-a184-35b7d2e9f5b8.binning_data.json;2022-04-05 22:00:01.377;2022-04-05 22:00:01.377;com.sec.android.app.shealth;0;1927;13485849;1491.03;8095999;3JD7PDJoKB;com.sec.android.app.shealth;d1480535-b30e-466e-a184-35b7d2e9f5b8;1,64912E+12
1b5ee2d6-3470-45ea-bcd5-6b855c92a1e2.binning_data.json;2022-04-08 05:50:59.278;2022-04-07 05:45:01.836;com.sec.android.app.shealth;-2;8954;13479526;6842947;36939014;VfS0qUERdZ;com.sec.android.app.shealth;1b5ee2d6-3470-45ea-bcd5-6b855c92a1e2;1,64929E+12
c1cf2832-d2d2-4253-b67f-668c05cde6e4.binning_data.json;2022-04-06 22:00:02.100;2022-04-06 22:00:02.100;com.sec.android.app.shealth;0;16680;15208892;13502.43;7476099;3JD7PDJoKB;com.sec.android.app.shealth;c1cf2832-d2d2-4253-b67f-668c05cde6e4;1,6492E+12
0cc58a44-77f1-4f46-8112-9acba5ba8448.binning_data.json;2022-04-05 21:55:15.755;2022-04-05 09:16:32.831;com.sec.android.app.shealth;-2;1927;13485849;1491.03;8095999;VfS0qUERdZ;com.sec.android.app.shealth;0cc58a44-77f1-4f46-8112-9acba5ba8448;1,64912E+12
3db0d362-a5cd-4df1-a125-d9d1e47dbed8.binning_data.json;2022-04-09 01:04:20.236;2022-04-08 06:20:43.006;com.sec.android.app.shealth;-2;10236;15295333;81545737;46558005;VfS0qUERdZ;com.sec.android.app.shealth;3db0d362-a5cd-4df1-a125-d9d1e47dbed8;1,64938E+12
28b7d17e-aad2-4a1e-a00d-ad6c2703ad01.binning_data.json;2022-04-09 20:03:00.123;2022-04-08 22:06:52.176;com.sec.android.app.shealth;-2;6379;13455398;48705137;25997913;VfS0qUERdZ;com.sec.android.app.shealth;28b7d17e-aad2-4a1e-a00d-ad6c2703ad01;1,64946E+12
836ba0dd-fc75-48ab-887f-2071885ed274.binning_data.json;2022-04-08 22:15:45.047;2022-04-08 22:00:01.581;com.sec.android.app.shealth;0;8171;15940946;6787.59;391.55;3JD7PDJoKB;com.sec.android.app.shealth;836ba0dd-fc75-48ab-887f-2071885ed274;1,64938E+12
69870fd3-5b81-453c-9f2d-fb745dfdc6df.binning_data.json;2022-04-07 22:00:04.077;2022-04-07 22:00:04.077;com.sec.android.app.shealth;0;6665;13512614;5123.55;273.15;3JD7PDJoKB;com.sec.android.app.shealth;69870fd3-5b81-453c-9f2d-fb745dfdc6df;1,64929E+12
089be5ce-426e-42b7-bb56-a3b65ae74ee4.binning_data.json;2022-04-07 22:00:07.242;2022-04-06 22:00:04.295;com.sec.android.app.shealth;103;2389;13872099;18378293;971002;SumqgnI0Fz;com.sec.android.app.shealth;089be5ce-426e-42b7-bb56-a3b65ae74ee4;1,6492E+12
3e98080f-88bc-4f11-bb75-676ce26cfd48.binning_data.json;2022-04-08 22:00:02.603;2022-04-07 22:00:07.358;com.sec.android.app.shealth;103;7889;13615761;6024.1;32582028;SumqgnI0Fz;com.sec.android.app.shealth;3e98080f-88bc-4f11-bb75-676ce26cfd48;1,64929E+12
fbe9b77f-b642-4d23-8150-03ea5115cfc5.binning_data.json;2022-04-12 06:26:15.723;2022-04-11 05:01:49.835;com.sec.android.app.shealth;-2;14103;1533792;11483426;65578876;VfS0qUERdZ;com.sec.android.app.shealth;fbe9b77f-b642-4d23-8150-03ea5115cfc5;1,64964E+12
d1663d91-dc33-45d2-8721-ca3a2eaccf08.binning_data.json;2022-04-10 22:00:12.169;2022-04-10 22:00:12.169;com.sec.android.app.shealth;0;8340;12378091;6282.18;336.51;3JD7PDJoKB;com.sec.android.app.shealth;d1663d91-dc33-45d2-8721-ca3a2eaccf08;1,64955E+12
772b6ec5-56b7-4ad3-8173-f5af6bcc2993.binning_data.json;2022-04-09 22:49:14.898;2022-04-08 22:15:45.010;com.sec.android.app.shealth;0;3340;13254514;2551.0;135.25;3JD7PDJoKB;com.sec.android.app.shealth;772b6ec5-56b7-4ad3-8173-f5af6bcc2993;1,64946E+12
0abbf292-0264-43fc-8aa6-523036cec345.binning_data.json;2022-04-10 22:12:31.949;2022-04-09 23:15:01.251;com.sec.android.app.shealth;-2;9516;12774822;71884004;38631012;VfS0qUERdZ;com.sec.android.app.shealth;0abbf292-0264-43fc-8aa6-523036cec345;1,64955E+12
b6dd8093-d30a-4fa2-8260-0c61da295afd.binning_data.json;2022-04-09 22:49:21.104;2022-04-08 22:00:02.599;com.sec.android.app.shealth;103;8466;15606151;67457183;3900895;SumqgnI0Fz;com.sec.android.app.shealth;b6dd8093-d30a-4fa2-8260-0c61da295afd;1,64938E+12
46fd8ec9-91c1-452d-9f06-e148abd782aa.binning_data.json;2022-04-09 22:49:21.001;2022-04-09 22:49:21.001;com.sec.android.app.shealth;103;5804;13581649;44352646;23896901;SumqgnI0Fz;com.sec.android.app.shealth;46fd8ec9-91c1-452d-9f06-e148abd782aa;1,64946E+12
fa627052-ab96-4f89-b746-813962f40129.binning_data.json;2022-04-13 22:55:36.201;2022-04-12 22:10:26.883;com.sec.android.app.shealth;-2;18320;15245594;14732251;8306606;VfS0qUERdZ;com.sec.android.app.shealth;fa627052-ab96-4f89-b746-813962f40129;1,64981E+12
6daa3d0d-6b32-461a-a74e-7e0cf6d902de.binning_data.json;2022-04-12 22:00:03.156;2022-04-12 22:00:03.156;com.sec.android.app.shealth;0;8990;13155882;6868.19;36594998;3JD7PDJoKB;com.sec.android.app.shealth;6daa3d0d-6b32-461a-a74e-7e0cf6d902de;1,64972E+12
c1485236-a47b-4e8a-af9f-845fc2a200cd.binning_data.json;2022-04-11 22:00:02.292;2022-04-11 22:00:02.292;com.sec.android.app.shealth;0;11696;15534801;9637.3;552.61;3JD7PDJoKB;com.sec.android.app.shealth;c1485236-a47b-4e8a-af9f-845fc2a200cd;1,64964E+12
2d975803-af1b-4d30-80d9-a28d89a895d8.binning_data.json;2022-04-12 23:13:51.260;2022-04-12 05:46:15.755;com.sec.android.app.shealth;-2;11497;13387096;87700625;47201135;VfS0qUERdZ;com.sec.android.app.shealth;2d975803-af1b-4d30-80d9-a28d89a895d8;1,64972E+12
d7475ad7-b0b5-4079-bfad-5bb752bcc0f3.binning_data.json;2022-04-12 22:00:05.157;2022-04-11 22:00:06.595;com.sec.android.app.shealth;103;12111;15018333;9553.47;5464883;SumqgnI0Fz;com.sec.android.app.shealth;d7475ad7-b0b5-4079-bfad-5bb752bcc0f3;1,64964E+12
a365c963-e8ba-47f8-b98f-3b6db21bff5e.binning_data.json;2022-04-14 22:00:01.519;2022-04-14 22:00:01.519;com.sec.android.app.shealth;0;2466;12910128;1872.47;99.42;3JD7PDJoKB;com.sec.android.app.shealth;a365c963-e8ba-47f8-b98f-3b6db21bff5e;1,64989E+12
7d082c78-4336-4a69-9c5e-efeff1202c97.binning_data.json;2022-04-13 22:00:02.567;2022-04-13 22:00:02.567;com.sec.android.app.shealth;0;15910;15480611;13043.42;73289996;3JD7PDJoKB;com.sec.android.app.shealth;7d082c78-4336-4a69-9c5e-efeff1202c97;1,64981E+12
24060453-ddfc-4931-bbcd-f0fa1f1f7fcd.binning_data.json;2022-04-11 22:00:06.692;2022-04-10 22:00:14.179;com.sec.android.app.shealth;103;8871;12910677;6690247;35992023;SumqgnI0Fz;com.sec.android.app.shealth;24060453-ddfc-4931-bbcd-f0fa1f1f7fcd;1,64955E+12
9f4b81f6-35d3-4a81-a109-70835eb2defc.binning_data.json;2022-04-14 23:23:50.712;2022-04-13 22:55:02.425;com.sec.android.app.shealth;-2;2955;13277637;2250295;11986073;VfS0qUERdZ;com.sec.android.app.shealth;9f4b81f6-35d3-4a81-a109-70835eb2defc;1,64989E+12
03174900-a9c3-4ad8-a789-2f47a6e2b848.binning_data.json;2022-04-14 22:00:03.532;2022-04-13 22:00:05.020;com.sec.android.app.shealth;103;16517;15017388;12996468;73167487;SumqgnI0Fz;com.sec.android.app.shealth;03174900-a9c3-4ad8-a789-2f47a6e2b848;1,64981E+12
fafabfb5-26b7-41e7-be9f-a26d3a809e9d.binning_data.json;2022-04-16 22:00:02.896;2022-04-16 22:00:02.896;com.sec.android.app.shealth;0;1379;12636303;10453699;56689995;3JD7PDJoKB;com.sec.android.app.shealth;fafabfb5-26b7-41e7-be9f-a26d3a809e9d;1,65007E+12
210316e7-49ac-4845-83b4-07594572275f.binning_data.json;2022-04-16 08:04:07.511;2022-04-15 06:06:20.301;com.sec.android.app.shealth;-2;8499;15739253;68474424;40133395;VfS0qUERdZ;com.sec.android.app.shealth;210316e7-49ac-4845-83b4-07594572275f;1,64998E+12
17e61b97-44ea-47e0-a951-6af09271f787.binning_data.json;2022-04-13 22:00:05.001;2022-04-12 22:00:05.170;com.sec.android.app.shealth;103;10578;13506505;80658804;43509213;SumqgnI0Fz;com.sec.android.app.shealth;17e61b97-44ea-47e0-a951-6af09271f787;1,64972E+12
3273b0c3-9f75-4a1d-9739-bbe7211e4502.binning_data.json;2022-04-16 23:30:29.689;2022-04-16 07:36:52.131;com.sec.android.app.shealth;-2;1753;13077612;1331592;7237151;VfS0qUERdZ;com.sec.android.app.shealth;3273b0c3-9f75-4a1d-9739-bbe7211e4502;1,65007E+12
f2917f78-97c8-4b50-9305-a28adcb84c60.binning_data.json;2022-04-15 22:00:01.732;2022-04-15 22:00:01.732;com.sec.android.app.shealth;0;6635;1574611;5470.26;30628998;3JD7PDJoKB;com.sec.android.app.shealth;f2917f78-97c8-4b50-9305-a28adcb84c60;1,64998E+12
eb44a057-e9e8-43e3-93ea-50568ac074c1.binning_data.json;2022-04-16 22:00:09.457;2022-04-15 22:00:03.039;com.sec.android.app.shealth;103;7260;16026696;5841563;34927927;SumqgnI0Fz;com.sec.android.app.shealth;eb44a057-e9e8-43e3-93ea-50568ac074c1;1,64998E+12
b394442f-8709-4585-8ac1-5064d6ffbff0.binning_data.json;2022-04-17 22:27:05.468;2022-04-16 23:02:36.155;com.sec.android.app.shealth;-2;3063;1317346;23380845;13043367;VfS0qUERdZ;com.sec.android.app.shealth;b394442f-8709-4585-8ac1-5064d6ffbff0;1,65015E+12
300545bd-e5b5-439e-b102-e3d7793f54b6.binning_data.json;2022-04-18 22:00:03.233;2022-04-18 22:00:03.233;com.sec.android.app.shealth;0;10893;13104448;8309.42;444.38;3JD7PDJoKB;com.sec.android.app.shealth;300545bd-e5b5-439e-b102-e3d7793f54b6;1,65024E+12
d8dc6a1c-86dd-4b4a-822a-aa573a3a68aa.binning_data.json;2022-04-18 21:25:20.702;2022-04-17 22:06:41.130;com.sec.android.app.shealth;-2;14028;13232472;10679473;57628534;VfS0qUERdZ;com.sec.android.app.shealth;d8dc6a1c-86dd-4b4a-822a-aa573a3a68aa;1,65024E+12
c21c9c2a-a78c-4444-b359-e0ee67b6be4d.binning_data.json;2022-04-17 22:00:02.182;2022-04-17 22:00:02.182;com.sec.android.app.shealth;0;1778;12298564;1348.11;73.57;3JD7PDJoKB;com.sec.android.app.shealth;c21c9c2a-a78c-4444-b359-e0ee67b6be4d;1,65015E+12
315a4fe4-9fce-4ac7-b9cb-feb5b19c541f.binning_data.json;2022-04-15 22:00:03.010;2022-04-14 22:00:03.482;com.sec.android.app.shealth;103;2615;13324896;19846588;10624149;SumqgnI0Fz;com.sec.android.app.shealth;315a4fe4-9fce-4ac7-b9cb-feb5b19c541f;1,64989E+12
950bc0f2-b80a-44d1-b928-8e9e53f3b2d7.binning_data.json;2022-04-20 23:46:51.410;2022-04-19 22:07:16.708;com.sec.android.app.shealth;-2;20129;14565195;15872.66;88504486;VfS0qUERdZ;com.sec.android.app.shealth;950bc0f2-b80a-44d1-b928-8e9e53f3b2d7;1,65041E+12
28976f92-1ba5-471d-a111-474935b337e8.binning_data.json;2022-04-20 22:00:01.121;2022-04-20 22:00:01.121;com.sec.android.app.shealth;0;16866;14829901;13590649;75699994;3JD7PDJoKB;com.sec.android.app.shealth;28976f92-1ba5-471d-a111-474935b337e8;1,65041E+12
3141a076-b73e-47e7-8afa-754da19ab456.binning_data.json;2022-04-19 21:31:59.086;2022-04-19 00:28:13.150;com.sec.android.app.shealth;-2;7109;14117913;5488068;28710284;VfS0qUERdZ;com.sec.android.app.shealth;3141a076-b73e-47e7-8afa-754da19ab456;1,65033E+12
74e1f4d7-5da0-45ef-b5c8-d97f5e8afd8b.binning_data.json;2022-04-17 22:00:07.958;2022-04-16 22:00:09.110;com.sec.android.app.shealth;103;1080;13584827;8209401;44591747;SumqgnI0Fz;com.sec.android.app.shealth;74e1f4d7-5da0-45ef-b5c8-d97f5e8afd8b;1,65007E+12
c2782c1a-2e32-42df-8a7d-5107b3401c5a.binning_data.json;2022-04-18 22:00:04.352;2022-04-17 22:00:07.605;com.sec.android.app.shealth;103;2559;1338048;19499517;10908367;SumqgnI0Fz;com.sec.android.app.shealth;c2782c1a-2e32-42df-8a7d-5107b3401c5a;1,65015E+12
f01e7eba-5e51-4fcd-a8bd-803e9cec9e73.binning_data.json;2022-04-22 21:55:08.029;2022-04-22 08:24:29.609;com.sec.android.app.shealth;-2;13721;15241727;11339927;6557897;VfS0qUERdZ;com.sec.android.app.shealth;f01e7eba-5e51-4fcd-a8bd-803e9cec9e73;1,65059E+12
0fe4f3c1-49d7-4279-8e41-4c4ae654515e.binning_data.json;2022-04-23 22:00:02.072;2022-04-22 22:07:12.687;com.sec.android.app.shealth;0;9623;13347476;7375.4;39168997;3JD7PDJoKB;com.sec.android.app.shealth;0fe4f3c1-49d7-4279-8e41-4c4ae654515e;1,65067E+12
3f408dc1-d8c4-4635-b498-499679637b2d.binning_data.json;2022-04-19 22:00:03.337;2022-04-19 22:00:03.337;com.sec.android.app.shealth;0;6458;13996358;49781396;259.8;3JD7PDJoKB;com.sec.android.app.shealth;3f408dc1-d8c4-4635-b498-499679637b2d;1,65033E+12
593b382f-0da3-4394-90f1-d900761bc728.binning_data.json;2022-04-19 22:00:06.128;2022-04-19 22:00:06.128;com.sec.android.app.shealth;103;6503;14146981;5032115;26228558;SumqgnI0Fz;com.sec.android.app.shealth;593b382f-0da3-4394-90f1-d900761bc728;1,65033E+12
f837966c-f950-454b-b6c2-fa6b0f01d807.binning_data.json;2022-04-21 22:00:14.681;2022-04-20 23:13:08.575;com.sec.android.app.shealth;-2;3733;13098434;28475596;15425002;VfS0qUERdZ;com.sec.android.app.shealth;f837966c-f950-454b-b6c2-fa6b0f01d807;1,6505E+12
a4929a4d-34ee-411e-9722-ed834599aa00.binning_data.json;2022-04-26 10:43:19.836;2022-04-23 22:12:53.747;com.sec.android.app.shealth;-2;17079;13426372;13105.73;70129346;VfS0qUERdZ;com.sec.android.app.shealth;a4929a4d-34ee-411e-9722-ed834599aa00;1,65076E+12
6ba82049-903c-406f-a236-e6b310260bcf.binning_data.json;2022-04-24 22:00:42.300;2022-04-24 22:00:42.300;com.sec.android.app.shealth;0;15589;13127798;11937.66;634.98;3JD7PDJoKB;com.sec.android.app.shealth;6ba82049-903c-406f-a236-e6b310260bcf;1,65076E+12
52af2eda-23e9-4e84-b902-46e11f4b0ee3.binning_data.json;2022-04-21 22:00:02.275;2022-04-21 22:00:02.275;com.sec.android.app.shealth;0;3032;12776155;23076099;12426999;3JD7PDJoKB;com.sec.android.app.shealth;52af2eda-23e9-4e84-b902-46e11f4b0ee3;1,6505E+12
cd0901b9-376d-470c-99a7-37a1b9a8d7aa.binning_data.json;2022-04-23 22:37:00.481;2022-04-22 22:07:13.595;com.sec.android.app.shealth;-2;12193;13464906;9317207;49815973;VfS0qUERdZ;com.sec.android.app.shealth;cd0901b9-376d-470c-99a7-37a1b9a8d7aa;1,65067E+12
f183385c-5fdc-43b2-8bc1-4750b3002083.binning_data.json;2022-04-18 22:00:04.404;2022-04-18 22:00:04.404;com.sec.android.app.shealth;103;12551;13355219;9546069;51757715;SumqgnI0Fz;com.sec.android.app.shealth;f183385c-5fdc-43b2-8bc1-4750b3002083;1,65024E+12
0e808cdc-80ba-4f0d-9282-1431208f00cd.binning_data.json;2022-04-27 22:00:05.553;2022-04-26 22:45:15.526;com.sec.android.app.shealth;103;8699;15507058;69374517;40406955;SumqgnI0Fz;com.sec.android.app.shealth;0e808cdc-80ba-4f0d-9282-1431208f00cd;1,65093E+12
cc1aa315-4e9a-42d2-b185-6ebf6ee5ca57.binning_data.json;2022-04-22 22:07:13.823;2022-04-22 22:07:13.823;com.sec.android.app.shealth;103;11813;14279768;92115625;53146857;SumqgnI0Fz;com.sec.android.app.shealth;cc1aa315-4e9a-42d2-b185-6ebf6ee5ca57;1,65059E+12
7771a5d5-5367-4047-a913-f891670743b5.binning_data.json;2022-04-21 22:00:04.004;2022-04-20 22:00:05.626;com.sec.android.app.shealth;103;17640;144505;13754.07;7708213;SumqgnI0Fz;com.sec.android.app.shealth;7771a5d5-5367-4047-a913-f891670743b5;1,65041E+12
5d49b2e0-9a16-4055-a6e0-448356b485b9.binning_data.json;2022-04-26 22:45:15.534;2022-04-24 22:00:47.696;com.sec.android.app.shealth;103;13342;13679538;10213235;54525635;SumqgnI0Fz;com.sec.android.app.shealth;5d49b2e0-9a16-4055-a6e0-448356b485b9;1,65076E+12
f87e95ea-aa09-4195-b904-04720477adeb.binning_data.json;2022-04-22 22:07:13.822;2022-04-21 22:00:03.890;com.sec.android.app.shealth;103;3144;13278927;23942002;12862006;SumqgnI0Fz;com.sec.android.app.shealth;f87e95ea-aa09-4195-b904-04720477adeb;1,6505E+12
e0b4c194-d3da-4385-a058-99f4565ef54a.binning_data.json;2022-04-25 22:00:01.442;2022-04-24 22:00:48.430;com.sec.android.app.shealth;0;11326;12894987;8624.68;45989996;3JD7PDJoKB;com.sec.android.app.shealth;e0b4c194-d3da-4385-a058-99f4565ef54a;1,65084E+12
3e52dcc9-029b-4b21-844d-b89d99b96974.binning_data.json;2022-04-22 22:07:12.698;2022-04-22 22:07:12.698;com.sec.android.app.shealth;0;11268;15388395;9456.1;550.29;3JD7PDJoKB;com.sec.android.app.shealth;3e52dcc9-029b-4b21-844d-b89d99b96974;1,65059E+12
f90bcdb4-ee19-49e1-9898-26f18f350529.binning_data.json;2022-04-26 22:45:08.640;2022-04-26 22:45:08.640;com.sec.android.app.shealth;0;7836;16218464;6574.15;382.21;3JD7PDJoKB;com.sec.android.app.shealth;f90bcdb4-ee19-49e1-9898-26f18f350529;1,65093E+12
52f4c8ed-4507-4562-ae02-85bfaf9fe20e.binning_data.json;2022-04-27 22:06:50.918;2022-04-27 06:45:09.296;com.sec.android.app.shealth;-2;12858;1351442;9828945;52223926;VfS0qUERdZ;com.sec.android.app.shealth;52f4c8ed-4507-4562-ae02-85bfaf9fe20e;1,65102E+12
c0ef1e5a-0730-4dac-96a9-a9a9d0eb6824.binning_data.json;2022-04-24 22:00:47.689;2022-04-23 22:00:10.480;com.sec.android.app.shealth;103;11052;13549674;8430005;45410892;SumqgnI0Fz;com.sec.android.app.shealth;c0ef1e5a-0730-4dac-96a9-a9a9d0eb6824;1,65067E+12
4764cf00-ee7a-4a6d-b5db-4bfd0729aad6.binning_data.json;2022-04-26 10:43:19.779;2022-04-24 22:00:45.662;com.sec.android.app.shealth;-2;13334;12827559;10103541;5471106;VfS0qUERdZ;com.sec.android.app.shealth;4764cf00-ee7a-4a6d-b5db-4bfd0729aad6;1,65084E+12
f8148caa-0d31-4442-b4ab-8602d58d9a99.binning_data.json;2022-04-28 22:00:02.720;2022-04-27 22:08:22.339;com.sec.android.app.shealth;0;9331;13056053;7106.02;377.58;3JD7PDJoKB;com.sec.android.app.shealth;f8148caa-0d31-4442-b4ab-8602d58d9a99;1,6511E+12
5d0dab1c-4e4f-4c20-af83-e1f7d3cae306.binning_data.json;2022-04-27 22:08:22.345;2022-04-27 22:00:01.924;com.sec.android.app.shealth;0;10199;13328995;7800.92;41237997;3JD7PDJoKB;com.sec.android.app.shealth;5d0dab1c-4e4f-4c20-af83-e1f7d3cae306;1,65102E+12
df522e01-0e63-44c0-b099-c850ee51ba07.binning_data.json;2022-04-27 08:13:05.898;2022-04-26 07:55:02.060;com.sec.android.app.shealth;-2;10033;15888153;8277201;4775897;VfS0qUERdZ;com.sec.android.app.shealth;df522e01-0e63-44c0-b099-c850ee51ba07;1,65093E+12
ed16ea2c-e88f-4872-a1b3-858c7d0e3eaf.binning_data.json;2022-04-29 00:38:06.778;2022-04-27 22:06:50.645;com.sec.android.app.shealth;-2;11744;13180755;8926368;47908157;VfS0qUERdZ;com.sec.android.app.shealth;ed16ea2c-e88f-4872-a1b3-858c7d0e3eaf;1,6511E+12
bae97d6e-b75e-4dff-ac5e-f1bdafca64a3.binning_data.json;2022-04-30 00:41:53.811;2022-04-28 22:08:30.476;com.sec.android.app.shealth;-2;11235;15079814;8893357;50172067;VfS0qUERdZ;com.sec.android.app.shealth;bae97d6e-b75e-4dff-ac5e-f1bdafca64a3;1,65119E+12
29c6cb05-6aa0-40e0-ac21-01b24e1a0784.binning_data.json;2022-04-28 22:00:05.180;2022-04-27 22:00:05.715;com.sec.android.app.shealth;103;11751;13654193;8989.96;47943796;SumqgnI0Fz;com.sec.android.app.shealth;29c6cb05-6aa0-40e0-ac21-01b24e1a0784;1,65102E+12
3f4d9cca-85a4-4621-b634-263ef8a17e4a.binning_data.json;2022-04-29 22:07:46.096;2022-04-29 22:07:46.096;com.sec.android.app.shealth;0;8651;1491286;68998496;37332996;3JD7PDJoKB;com.sec.android.app.shealth;3f4d9cca-85a4-4621-b634-263ef8a17e4a;1,65119E+12
d3775947-94ec-4665-bae7-f92758f903af.binning_data.json;2022-05-01 00:18:18.888;2022-04-29 22:40:13.442;com.sec.android.app.shealth;-2;6661;13341283;5081953;2723707;VfS0qUERdZ;com.sec.android.app.shealth;d3775947-94ec-4665-bae7-f92758f903af;1,65128E+12
f4c7af46-bc35-4dd0-9f74-71a1718b3ee4.binning_data.json;2022-04-26 22:45:15.547;2022-04-26 22:45:15.547;com.sec.android.app.shealth;103;8917;12610583;66895615;3671612;SumqgnI0Fz;com.sec.android.app.shealth;f4c7af46-bc35-4dd0-9f74-71a1718b3ee4;1,65084E+12
cf4396b2-afb6-4b10-bbf3-732af4319be9.binning_data.json;2022-04-30 22:00:03.188;2022-04-30 22:00:03.188;com.sec.android.app.shealth;0;4815;13066219;3676.35;19570999;3JD7PDJoKB;com.sec.android.app.shealth;cf4396b2-afb6-4b10-bbf3-732af4319be9;1,65128E+12
603eb62b-b554-44b8-8e42-d473b81d9e4d.binning_data.json;2022-04-30 22:00:07.624;2022-04-29 22:07:47.753;com.sec.android.app.shealth;103;9808;15207193;7774478;44279425;SumqgnI0Fz;com.sec.android.app.shealth;603eb62b-b554-44b8-8e42-d473b81d9e4d;1,65119E+12
16161d74-5349-469e-af49-5ba2943291e0.binning_data.json;2022-05-02 15:53:37.163;2022-04-30 22:18:34.095;com.sec.android.app.shealth;-2;7659;13900894;5885281;3120734;VfS0qUERdZ;com.sec.android.app.shealth;16161d74-5349-469e-af49-5ba2943291e0;1,65136E+12
26422e1c-bb17-458b-9e09-ac25077ce20c.binning_data.json;2022-05-02 23:21:57.459;2022-05-01 22:25:41.482;com.sec.android.app.shealth;-2;10922;16207266;9070404;5152743;VfS0qUERdZ;com.sec.android.app.shealth;26422e1c-bb17-458b-9e09-ac25077ce20c;1,65145E+12
cac971e1-e902-4069-ba87-2887e82646bf.binning_data.json;2022-05-01 22:09:50.129;2022-05-01 22:09:50.129;com.sec.android.app.shealth;0;3821;13845701;2943.47;15362999;3JD7PDJoKB;com.sec.android.app.shealth;cac971e1-e902-4069-ba87-2887e82646bf;1,65136E+12
a2dfa064-75d3-4aa6-b590-36b46693721f.binning_data.json;2022-05-02 22:08:02.765;2022-05-02 22:08:02.765;com.sec.android.app.shealth;0;9458;16342661;7929.67;45113998;3JD7PDJoKB;com.sec.android.app.shealth;a2dfa064-75d3-4aa6-b590-36b46693721f;1,65145E+12
5787154d-09ff-4703-a77b-f118609e817e.binning_data.json;2022-05-02 22:08:07.173;2022-05-01 22:09:53.410;com.sec.android.app.shealth;103;7389;14018147;5692656;30170792;SumqgnI0Fz;com.sec.android.app.shealth;5787154d-09ff-4703-a77b-f118609e817e;1,65136E+12
beb3c687-eace-4c78-afe1-d8b58fff595d.binning_data.json;2022-05-04 20:43:42.564;2022-05-04 07:16:30.377;com.sec.android.app.shealth;-2;8630;14139509;66682065;35113675;VfS0qUERdZ;com.sec.android.app.shealth;beb3c687-eace-4c78-afe1-d8b58fff595d;1,65162E+12
11d4f843-acca-4454-abe1-47ad46d7cd94.binning_data.json;2022-04-29 22:07:47.735;2022-04-28 22:00:05.199;com.sec.android.app.shealth;103;10877;13311768;8273026;44585156;SumqgnI0Fz;com.sec.android.app.shealth;11d4f843-acca-4454-abe1-47ad46d7cd94;1,6511E+12
2109fc6a-f248-4d61-a4dd-9e4e75438d41.binning_data.json;2022-05-03 22:00:02.519;2022-05-03 22:00:02.519;com.sec.android.app.shealth;0;11527;13708775;8873.6;46771997;3JD7PDJoKB;com.sec.android.app.shealth;2109fc6a-f248-4d61-a4dd-9e4e75438d41;1,65154E+12
0c91731f-b34a-41a3-8cf7-47e71d5dc961.binning_data.json;2022-05-04 07:55:24.110;2022-05-02 23:15:01.080;com.sec.android.app.shealth;-2;13633;13882722;10502428;5550627;VfS0qUERdZ;com.sec.android.app.shealth;0c91731f-b34a-41a3-8cf7-47e71d5dc961;1,65154E+12
9e2ee6e2-5220-4be5-aa89-37509009e04c.binning_data.json;2022-05-04 22:00:04.132;2022-05-03 22:00:04.634;com.sec.android.app.shealth;103;9403;14077996;7246905;38382397;SumqgnI0Fz;com.sec.android.app.shealth;9e2ee6e2-5220-4be5-aa89-37509009e04c;1,65154E+12
c2836a78-6181-4f8e-8d35-4e5a17c093cd.binning_data.json;2022-05-04 22:00:02.166;2022-05-04 22:00:02.166;com.sec.android.app.shealth;0;6677;14047413;5169669;27069995;3JD7PDJoKB;com.sec.android.app.shealth;c2836a78-6181-4f8e-8d35-4e5a17c093cd;1,65162E+12
d6e74ff0-6a6e-4867-b4b3-88159b42309a.binning_data.json;2022-05-01 22:09:53.363;2022-04-30 22:00:07.634;com.sec.android.app.shealth;103;5765;1350236;4394961;23696103;SumqgnI0Fz;com.sec.android.app.shealth;d6e74ff0-6a6e-4867-b4b3-88159b42309a;1,65128E+12
ede9afef-3959-45bf-9d04-688b90f3a8e6.binning_data.json;2022-05-05 22:00:01.513;2022-05-05 22:00:01.513;com.sec.android.app.shealth;0;6876;13462689;5289.89;282.06;3JD7PDJoKB;com.sec.android.app.shealth;ede9afef-3959-45bf-9d04-688b90f3a8e6;1,65171E+12
85e590ef-bec5-4dc3-88c2-248c25dcd0c7.binning_data.json;2022-05-06 22:16:24.412;2022-05-06 07:12:48.506;com.sec.android.app.shealth;-2;15590;1526588;12349294;6862766;VfS0qUERdZ;com.sec.android.app.shealth;85e590ef-bec5-4dc3-88c2-248c25dcd0c7;1,6518E+12
67a4af6e-a5d6-4799-82ef-d351c425b5c2.binning_data.json;2022-05-06 22:00:06.617;2022-05-06 22:00:06.617;com.sec.android.app.shealth;0;10472;15350075;84749795;466.4;3JD7PDJoKB;com.sec.android.app.shealth;67a4af6e-a5d6-4799-82ef-d351c425b5c2;1,6518E+12
f76f74a3-1813-48f5-b6ba-797a251777ad.binning_data.json;2022-05-07 22:01:22.675;2022-05-07 22:01:22.675;com.sec.android.app.shealth;0;11121;13415077;8521.51;449.33;3JD7PDJoKB;com.sec.android.app.shealth;f76f74a3-1813-48f5-b6ba-797a251777ad;1,65188E+12
858eb818-ad3c-4a64-afd5-2bc9800712f5.binning_data.json;2022-05-05 23:50:41.645;2022-05-04 23:09:51.854;com.sec.android.app.shealth;-2;9689;13598428;7415899;3991051;VfS0qUERdZ;com.sec.android.app.shealth;858eb818-ad3c-4a64-afd5-2bc9800712f5;1,65171E+12
34109fb7-844e-44b6-96fc-5e05a038eadd.binning_data.json;2022-05-03 22:00:04.626;2022-05-02 22:08:07.178;com.sec.android.app.shealth;103;9305;15695143;74235376;41877972;SumqgnI0Fz;com.sec.android.app.shealth;34109fb7-844e-44b6-96fc-5e05a038eadd;1,65145E+12
80dfa122-0122-4f16-bb07-923bd80e02ba.binning_data.json;2022-05-06 22:00:08.444;2022-05-05 22:00:03.489;com.sec.android.app.shealth;103;8850;13686185;6773098;36555655;SumqgnI0Fz;com.sec.android.app.shealth;80dfa122-0122-4f16-bb07-923bd80e02ba;1,65171E+12
6cc8a75a-283d-43d1-a70f-ca150cf4151a.binning_data.json;2022-05-04 22:00:04.101;2022-05-04 22:00:04.101;com.sec.android.app.shealth;103;7930;14255582;61373267;32247256;SumqgnI0Fz;com.sec.android.app.shealth;6cc8a75a-283d-43d1-a70f-ca150cf4151a;1,65162E+12
85bb05f5-27a8-4c5f-9263-5ceae08b5615.binning_data.json;2022-05-08 22:51:17.828;2022-05-08 22:51:17.828;com.sec.android.app.shealth;0;5298;1251265;40093801;214.43;3JD7PDJoKB;com.sec.android.app.shealth;85bb05f5-27a8-4c5f-9263-5ceae08b5615;1,65197E+12
47e66e04-61af-4e48-afe0-eea554cecec6.binning_data.json;2022-05-07 22:01:26.032;2022-05-06 22:00:08.454;com.sec.android.app.shealth;103;14152;15338221;11198.26;6248326;SumqgnI0Fz;com.sec.android.app.shealth;47e66e04-61af-4e48-afe0-eea554cecec6;1,6518E+12
7274f798-8b19-4ea4-a5cb-3e4002cdb02b.binning_data.json;2022-05-08 22:51:26.918;2022-05-07 22:01:26.093;com.sec.android.app.shealth;103;14034;13699551;10749118;5747902;SumqgnI0Fz;com.sec.android.app.shealth;7274f798-8b19-4ea4-a5cb-3e4002cdb02b;1,65188E+12
87e89909-5035-42bd-a4a2-44590bcd19f4.binning_data.json;2022-05-08 23:09:46.022;2022-05-07 23:37:25.379;com.sec.android.app.shealth;-2;7405;13335726;56496753;30720688;VfS0qUERdZ;com.sec.android.app.shealth;87e89909-5035-42bd-a4a2-44590bcd19f4;1,65197E+12
84dbeaf4-135e-4291-97c5-a07ef2170426.binning_data.json;2022-05-10 22:00:04.839;2022-05-09 22:06:27.479;com.sec.android.app.shealth;0;11982;1577371;9974339;5666499;3JD7PDJoKB;com.sec.android.app.shealth;84dbeaf4-135e-4291-97c5-a07ef2170426;1,65214E+12
f325186e-76e6-42fe-ab68-9171b850cbdd.binning_data.json;2022-05-10 22:00:07.388;2022-05-09 22:06:31.642;com.sec.android.app.shealth;103;9329;13521805;7114821;38942343;SumqgnI0Fz;com.sec.android.app.shealth;f325186e-76e6-42fe-ab68-9171b850cbdd;1,65205E+12
1588e17b-2454-4dc9-a4bf-364b044c1ed8.binning_data.json;2022-05-09 22:06:27.739;2022-05-09 22:06:27.739;com.sec.android.app.shealth;0;7740;13074127;5898.09;315.74;3JD7PDJoKB;com.sec.android.app.shealth;1588e17b-2454-4dc9-a4bf-364b044c1ed8;1,65205E+12
58d42eb3-9c9b-4b66-9486-7d4c5a666287.binning_data.json;2022-05-09 22:06:31.595;2022-05-08 22:51:26.565;com.sec.android.app.shealth;103;6765;13548399;5167.2;28408823;SumqgnI0Fz;com.sec.android.app.shealth;58d42eb3-9c9b-4b66-9486-7d4c5a666287;1,65197E+12
fd875217-92b2-488c-9c53-c3b332064bcb.binning_data.json;2022-05-10 21:04:12.401;2022-05-09 22:06:31.196;com.sec.android.app.shealth;-2;15558;15401117;12657193;71515454;VfS0qUERdZ;com.sec.android.app.shealth;fd875217-92b2-488c-9c53-c3b332064bcb;1,65214E+12
4584adb2-9184-4a92-9c69-03d58e3db992.binning_data.json;2022-05-12 22:00:01.867;2022-05-12 22:00:01.867;com.sec.android.app.shealth;0;431;12628869;328.04;18.33;3JD7PDJoKB;com.sec.android.app.shealth;4584adb2-9184-4a92-9c69-03d58e3db992;1,65231E+12
8a770d9c-5a54-4461-9ea0-5cc1b33e3060.binning_data.json;2022-05-07 23:37:25.839;2022-05-06 22:01:28.008;com.sec.android.app.shealth;-2;14916;13523616;11403827;60737836;VfS0qUERdZ;com.sec.android.app.shealth;8a770d9c-5a54-4461-9ea0-5cc1b33e3060;1,65188E+12
f835be36-c42b-455e-a5eb-922efe7d9c19.binning_data.json;2022-05-12 21:06:37.751;2022-05-12 05:24:43.774;com.sec.android.app.shealth;-2;431;12628869;328.04;18.33;VfS0qUERdZ;com.sec.android.app.shealth;f835be36-c42b-455e-a5eb-922efe7d9c19;1,65231E+12
7eb88828-0ebb-4eaa-9c13-27778ffb70ab.binning_data.json;2022-05-12 22:00:03.919;2022-05-11 22:00:05.908;com.sec.android.app.shealth;103;3163;14052309;24405227;13086182;SumqgnI0Fz;com.sec.android.app.shealth;7eb88828-0ebb-4eaa-9c13-27778ffb70ab;1,65223E+12
7865cf77-b12d-4d12-a77e-f470b71a4fd3.binning_data.json;2022-05-10 22:00:07.491;2022-05-10 22:00:07.491;com.sec.android.app.shealth;103;14029;14978734;11033806;6250138;SumqgnI0Fz;com.sec.android.app.shealth;7865cf77-b12d-4d12-a77e-f470b71a4fd3;1,65214E+12
5fe58b85-eb42-4279-a627-aaec85708fd2.binning_data.json;2022-05-11 22:00:02.006;2022-05-11 22:00:02.006;com.sec.android.app.shealth;0;2528;13621544;1939.75;102979996;3JD7PDJoKB;com.sec.android.app.shealth;5fe58b85-eb42-4279-a627-aaec85708fd2;1,65223E+12
37a5c4a3-30ae-4998-a4e3-85f0a7684555.binning_data.json;2022-05-10 06:54:01.247;2022-05-08 23:03:01.667;com.sec.android.app.shealth;-2;10189;13339036;77658154;42077307;VfS0qUERdZ;com.sec.android.app.shealth;37a5c4a3-30ae-4998-a4e3-85f0a7684555;1,65205E+12
0f1c0cb4-b99e-4f59-a0f3-6a1ff1ac541b.binning_data.json;2022-05-14 22:04:52.189;2022-05-14 22:04:52.189;com.sec.android.app.shealth;0;361;12302504;271.73;15099999;3JD7PDJoKB;com.sec.android.app.shealth;0f1c0cb4-b99e-4f59-a0f3-6a1ff1ac541b;1,65249E+12
d68d1398-dbdf-4797-9d88-70530fe3e4f2.binning_data.json;2022-05-14 22:04:54.814;2022-05-14 22:04:54.814;com.sec.android.app.shealth;103;263;1308654;19810875;11310215;SumqgnI0Fz;com.sec.android.app.shealth;d68d1398-dbdf-4797-9d88-70530fe3e4f2;1,65249E+12
4d17f30f-08ab-4540-9e7a-e8adaacb159b.binning_data.json;2022-05-14 17:01:30.287;2022-05-14 00:03:54.004;com.sec.android.app.shealth;-2;603;12704015;45471875;25500216;VfS0qUERdZ;com.sec.android.app.shealth;4d17f30f-08ab-4540-9e7a-e8adaacb159b;1,65249E+12
abae1af0-3dfe-4e85-8469-bad3bfcdda52.binning_data.json;2022-05-14 22:04:54.747;2022-05-13 22:00:03.562;com.sec.android.app.shealth;103;4475;13863484;34400215;18382318;SumqgnI0Fz;com.sec.android.app.shealth;abae1af0-3dfe-4e85-8469-bad3bfcdda52;1,6524E+12
e3f258b5-b544-4a08-a7b7-63f3fed49375.binning_data.json;2022-05-14 00:48:41.385;2022-05-13 06:00:03.470;com.sec.android.app.shealth;-2;4975;13473859;38026064;20421187;VfS0qUERdZ;com.sec.android.app.shealth;e3f258b5-b544-4a08-a7b7-63f3fed49375;1,6524E+12
3b3c458b-d42e-4204-a2a4-0400bcf1db1b.binning_data.json;2022-05-11 22:15:17.151;2022-05-11 07:27:02.973;com.sec.android.app.shealth;-2;3642;13788137;27967605;1505115;VfS0qUERdZ;com.sec.android.app.shealth;3b3c458b-d42e-4204-a2a4-0400bcf1db1b;1,65223E+12
5a3d1491-5725-47cc-9299-65e153df78a3.binning_data.json;2022-05-17 22:00:01.946;2022-05-17 22:00:01.946;com.sec.android.app.shealth;0;242;12115353;182.63;10.17;3JD7PDJoKB;com.sec.android.app.shealth;5a3d1491-5725-47cc-9299-65e153df78a3;1,65275E+12
ef16a3fb-b630-4524-b7a4-0bc6bd8dc804.binning_data.json;2022-05-16 22:00:01.898;2022-05-15 22:14:19.096;com.sec.android.app.shealth;0;446;12453564;336.02;18.68;3JD7PDJoKB;com.sec.android.app.shealth;ef16a3fb-b630-4524-b7a4-0bc6bd8dc804;1,65266E+12
4d86bf1a-1598-4065-b963-a4d378bf70eb.binning_data.json;2022-05-17 19:29:28.266;2022-05-16 23:05:13.597;com.sec.android.app.shealth;-2;242;12115353;182.63;10.17;VfS0qUERdZ;com.sec.android.app.shealth;4d86bf1a-1598-4065-b963-a4d378bf70eb;1,65275E+12
df8bee17-0660-49e5-b08e-0690a6fc32d1.binning_data.json;2022-05-15 22:14:18.761;2022-05-15 22:14:18.761;com.sec.android.app.shealth;0;573;12191923;433.09;24.16;3JD7PDJoKB;com.sec.android.app.shealth;df8bee17-0660-49e5-b08e-0690a6fc32d1;1,65257E+12
fad85631-3ace-449d-a838-12b1279ad250.binning_data.json;2022-05-15 19:50:22.327;2022-05-14 22:36:13.037;com.sec.android.app.shealth;-2;573;12191923;433.09;24.16;VfS0qUERdZ;com.sec.android.app.shealth;fad85631-3ace-449d-a838-12b1279ad250;1,65257E+12
32f32473-49ef-4db1-81dc-6b4266719970.binning_data.json;2022-05-13 22:00:02.397;2022-05-13 22:00:02.397;com.sec.android.app.shealth;0;3877;1335672;2960.66;15699998;3JD7PDJoKB;com.sec.android.app.shealth;32f32473-49ef-4db1-81dc-6b4266719970;1,6524E+12
ae0774a8-e39b-4003-a292-ab9c4f39645c.binning_data.json;2022-05-20 22:48:42.546;2022-05-19 22:00:03.711;com.sec.android.app.shealth;103;1356;14766601;10553035;58749943;SumqgnI0Fz;com.sec.android.app.shealth;ae0774a8-e39b-4003-a292-ab9c4f39645c;1,65292E+12
5c1ee672-1ba0-410f-85cc-9b5d30db1b68.binning_data.json;2022-05-19 22:43:02.764;2022-05-19 06:15:05.619;com.sec.android.app.shealth;-2;1624;14014348;12524225;7010002;VfS0qUERdZ;com.sec.android.app.shealth;5c1ee672-1ba0-410f-85cc-9b5d30db1b68;1,65292E+12
85e7eca0-16a0-4f80-8924-76c9747e868e.binning_data.json;2022-05-16 20:52:22.930;2022-05-15 22:14:10.994;com.sec.android.app.shealth;-2;446;12453564;336.02;18.68;VfS0qUERdZ;com.sec.android.app.shealth;85e7eca0-16a0-4f80-8924-76c9747e868e;1,65266E+12
0778715e-eef7-46c3-962c-6d0cf8b706f5.binning_data.json;2022-05-18 22:00:03.508;2022-05-18 22:00:03.508;com.sec.android.app.shealth;103;988;14502395;7652625;41760372;SumqgnI0Fz;com.sec.android.app.shealth;0778715e-eef7-46c3-962c-6d0cf8b706f5;1,65283E+12
eaf6eb4a-b385-4abc-8cb2-2e520857185b.binning_data.json;2022-05-18 21:33:08.128;2022-05-17 22:30:24.647;com.sec.android.app.shealth;-2;1179;14154273;9146825;5022037;VfS0qUERdZ;com.sec.android.app.shealth;eaf6eb4a-b385-4abc-8cb2-2e520857185b;1,65283E+12
563f6d7e-98b8-42f5-a803-27fcdc822dd1.binning_data.json;2022-05-19 22:00:02.486;2022-05-19 22:00:02.486;com.sec.android.app.shealth;0;519;11905514;387.86;21.6;3JD7PDJoKB;com.sec.android.app.shealth;563f6d7e-98b8-42f5-a803-27fcdc822dd1;1,65292E+12
a86b64f1-a0e6-4e33-9068-7115a162ec13.binning_data.json;2022-05-21 23:22:03.667;2022-05-21 06:55:38.956;com.sec.android.app.shealth;-2;8024;13103566;60927817;33243936;VfS0qUERdZ;com.sec.android.app.shealth;a86b64f1-a0e6-4e33-9068-7115a162ec13;1,65309E+12
f2cf36ec-d236-4a09-bf4e-a15d18568d3b.binning_data.json;2022-05-22 22:00:09.387;2022-05-21 22:00:04.271;com.sec.android.app.shealth;103;7248;1321552;54999106;29999936;SumqgnI0Fz;com.sec.android.app.shealth;f2cf36ec-d236-4a09-bf4e-a15d18568d3b;1,65309E+12
1e7120b3-f4cc-461a-8720-b5bf15a36817.binning_data.json;2022-05-21 07:36:14.205;2022-05-19 22:32:52.334;com.sec.android.app.shealth;-2;11934;15249655;9480521;5427102;VfS0qUERdZ;com.sec.android.app.shealth;1e7120b3-f4cc-461a-8720-b5bf15a36817;1,653E+12
968414ce-7b18-4761-9975-9652df9b83c7.binning_data.json;2022-05-21 22:00:01.582;2022-05-21 22:00:01.582;com.sec.android.app.shealth;0;5603;12918432;4266.04;228.89;3JD7PDJoKB;com.sec.android.app.shealth;968414ce-7b18-4761-9975-9652df9b83c7;1,65309E+12
fe911570-7948-4ef6-aa6e-f316f4a70480.binning_data.json;2022-05-21 22:00:05.913;2022-05-20 22:48:42.556;com.sec.android.app.shealth;103;10628;15257754;8407534;48702072;SumqgnI0Fz;com.sec.android.app.shealth;fe911570-7948-4ef6-aa6e-f316f4a70480;1,653E+12
d7e1a479-5a71-49ed-8488-a2afd7d94558.binning_data.json;2022-05-24 00:18:45.158;2022-05-23 06:29:37.146;com.sec.android.app.shealth;-2;9724;15718329;7935987;46235165;VfS0qUERdZ;com.sec.android.app.shealth;d7e1a479-5a71-49ed-8488-a2afd7d94558;1,65326E+12
56c4e86c-ffb3-4c60-9eca-2dae49f9b225.binning_data.json;2022-05-18 22:00:01.712;2022-05-18 22:00:01.712;com.sec.android.app.shealth;0;495;12991232;381.16;21070002;3JD7PDJoKB;com.sec.android.app.shealth;56c4e86c-ffb3-4c60-9eca-2dae49f9b225;1,65283E+12
8bab2e3c-0fb1-45a8-947f-e14b7bd5972e.binning_data.json;2022-05-24 22:00:06.066;2022-05-23 22:00:24.182;com.sec.android.app.shealth;103;8338;15527816;6649585;39718512;SumqgnI0Fz;com.sec.android.app.shealth;8bab2e3c-0fb1-45a8-947f-e14b7bd5972e;1,65326E+12
083c76f0-5774-4f8b-8e96-673f5f42fa92.binning_data.json;2022-05-23 08:26:08.556;2022-05-21 22:11:29.211;com.sec.android.app.shealth;-2;11529;13104522;8752915;48036954;VfS0qUERdZ;com.sec.android.app.shealth;083c76f0-5774-4f8b-8e96-673f5f42fa92;1,65318E+12
9be563b8-947e-4508-9488-a178bbc8dae8.binning_data.json;2022-05-23 22:00:24.173;2022-05-22 22:00:09.465;com.sec.android.app.shealth;103;10413;13212153;7901883;4373395;SumqgnI0Fz;com.sec.android.app.shealth;9be563b8-947e-4508-9488-a178bbc8dae8;1,65318E+12
128e68a4-f51c-4cb5-9129-e0e8f57a9079.binning_data.json;2022-05-25 22:07:19.545;2022-05-25 05:41:50.864;com.sec.android.app.shealth;-2;12559;13338656;9582818;5180736;VfS0qUERdZ;com.sec.android.app.shealth;128e68a4-f51c-4cb5-9129-e0e8f57a9079;1,65344E+12
5308ef03-e02c-4397-9b21-30dd27c695c5.binning_data.json;2022-05-23 22:00:04.162;2022-05-23 22:00:04.162;com.sec.android.app.shealth;0;7861;16230114;66097397;38549994;3JD7PDJoKB;com.sec.android.app.shealth;5308ef03-e02c-4397-9b21-30dd27c695c5;1,65326E+12
b7898716-e98b-45f7-8b33-1901d54fc56f.binning_data.json;2022-05-26 22:00:07.106;2022-05-25 22:00:05.228;com.sec.android.app.shealth;103;10992;1348218;8385999;45731445;SumqgnI0Fz;com.sec.android.app.shealth;b7898716-e98b-45f7-8b33-1901d54fc56f;1,65344E+12
8e58d5d5-e6dd-48d2-b378-24ae1f21068d.binning_data.json;2022-05-20 22:48:37.265;2022-05-20 22:48:37.265;com.sec.android.app.shealth;0;9362;15907415;7768.67;44446994;3JD7PDJoKB;com.sec.android.app.shealth;8e58d5d5-e6dd-48d2-b378-24ae1f21068d;1,653E+12
001d7ec4-73bc-422d-8592-46ad9fdadfc8.binning_data.json;2022-05-25 22:00:05.195;2022-05-24 22:00:06.162;com.sec.android.app.shealth;103;8338;1365119;63862583;34907208;SumqgnI0Fz;com.sec.android.app.shealth;001d7ec4-73bc-422d-8592-46ad9fdadfc8;1,65335E+12
b35fff82-548b-4b86-9e92-a00291d95e1d.binning_data.json;2022-05-27 23:58:34.209;2022-05-27 07:06:23.992;com.sec.android.app.shealth;-2;19591;14886763;15762789;8817756;VfS0qUERdZ;com.sec.android.app.shealth;b35fff82-548b-4b86-9e92-a00291d95e1d;1,65361E+12
825bd7b6-01d5-4c49-b7ed-378525565c6d.binning_data.json;2022-05-25 00:44:41.851;2022-05-24 05:46:13.803;com.sec.android.app.shealth;-2;9764;13516816;7483092;40795132;VfS0qUERdZ;com.sec.android.app.shealth;825bd7b6-01d5-4c49-b7ed-378525565c6d;1,65335E+12
362dc569-438f-40d7-ad23-682c1ae75611.binning_data.json;2022-05-26 22:00:07.155;2022-05-26 22:00:07.155;com.sec.android.app.shealth;103;9397;1343701;71665522;3881575;SumqgnI0Fz;com.sec.android.app.shealth;362dc569-438f-40d7-ad23-682c1ae75611;1,65352E+12
0e5868b0-b4f3-4064-9f64-bad98d8e2341.binning_data.json;2022-05-25 22:00:03.599;2022-05-25 22:00:03.599;com.sec.android.app.shealth;0;10146;13107508;7758.07;41567996;3JD7PDJoKB;com.sec.android.app.shealth;0e5868b0-b4f3-4064-9f64-bad98d8e2341;1,65344E+12
cf86c4f1-2c00-4dcf-aa91-3a77b6b8ad63.binning_data.json;2022-05-28 22:59:44.250;2022-05-27 22:18:03.740;com.sec.android.app.shealth;103;17212;14679358;13463881;7583233;SumqgnI0Fz;com.sec.android.app.shealth;cf86c4f1-2c00-4dcf-aa91-3a77b6b8ad63;1,65361E+12
5e334cfc-d3cf-4e6e-8017-403d753f5a51.binning_data.json;2022-05-26 21:15:09.268;2022-05-25 22:06:02.850;com.sec.android.app.shealth;-2;11027;13194568;8396526;4532831;VfS0qUERdZ;com.sec.android.app.shealth;5e334cfc-d3cf-4e6e-8017-403d753f5a51;1,65352E+12
bc883c8c-6913-49d3-a769-7860ea7b19d3.binning_data.json;2022-05-28 22:59:42.378;2022-05-28 22:59:42.378;com.sec.android.app.shealth;0;24595;12441113;18546719;9931099;3JD7PDJoKB;com.sec.android.app.shealth;bc883c8c-6913-49d3-a769-7860ea7b19d3;1,6537E+12
1adbab74-ea9c-425c-87aa-d21360c804e9.binning_data.json;2022-05-29 22:00:02.584;2022-05-29 22:00:02.584;com.sec.android.app.shealth;0;9448;12647727;7172.32;38636996;3JD7PDJoKB;com.sec.android.app.shealth;1adbab74-ea9c-425c-87aa-d21360c804e9;1,65378E+12
e59a6270-9164-442e-90e1-7d5c391585f7.binning_data.json;2022-05-31 22:00:06.860;2022-05-30 22:00:06.828;com.sec.android.app.shealth;103;11284;10996274;6965661;42777936;SumqgnI0Fz;com.sec.android.app.shealth;e59a6270-9164-442e-90e1-7d5c391585f7;1,65387E+12
c8a54c8d-90d5-42b1-9ff3-1de89b0b3f24.binning_data.json;2022-05-22 22:00:07.757;2022-05-22 22:00:07.757;com.sec.android.app.shealth;0;8552;12779313;6489.18;350.15;3JD7PDJoKB;com.sec.android.app.shealth;c8a54c8d-90d5-42b1-9ff3-1de89b0b3f24;1,65318E+12
75233dc3-e889-45d4-b7a0-96fd4473eef6.binning_data.json;2022-05-28 22:51:36.124;2022-05-27 23:41:08.505;com.sec.android.app.shealth;-2;28016;12427095;20242424;11290721;VfS0qUERdZ;com.sec.android.app.shealth;75233dc3-e889-45d4-b7a0-96fd4473eef6;1,6537E+12
5d7b30f7-55b2-4b6b-bc70-9f016f5fab2e.binning_data.json;2022-05-27 22:18:01.925;2022-05-27 22:18:01.925;com.sec.android.app.shealth;0;16509;14884393;13391.2;7489599;3JD7PDJoKB;com.sec.android.app.shealth;5d7b30f7-55b2-4b6b-bc70-9f016f5fab2e;1,65361E+12
c858b0fe-93d7-4b72-a9a5-644d4524d25b.binning_data.json;2022-05-30 22:00:06.848;2022-05-28 22:59:44.234;com.sec.android.app.shealth;103;14480;1149697;9174926;54866016;SumqgnI0Fz;com.sec.android.app.shealth;c858b0fe-93d7-4b72-a9a5-644d4524d25b;1,65378E+12
23a0fd23-0d46-4312-8c9d-90eeee64cc82.binning_data.json;2022-05-24 22:00:04.369;2022-05-24 22:00:04.369;com.sec.android.app.shealth;0;8039;13474607;6170.0;33000998;3JD7PDJoKB;com.sec.android.app.shealth;23a0fd23-0d46-4312-8c9d-90eeee64cc82;1,65335E+12
0493da32-9698-4c96-b50b-a0d3dcadad88.binning_data.json;2022-06-02 22:00:09.508;2022-06-01 22:00:04.218;com.sec.android.app.shealth;103;5398;11162244;3357847;19745854;SumqgnI0Fz;com.sec.android.app.shealth;0493da32-9698-4c96-b50b-a0d3dcadad88;1,65404E+12
de8c9243-873c-41e4-9d24-4bb205dfdb7e.binning_data.json;2022-06-01 03:12:35.198;2022-05-30 22:26:47.572;com.sec.android.app.shealth;-2;860;1084774;5699306;34059357;VfS0qUERdZ;com.sec.android.app.shealth;de8c9243-873c-41e4-9d24-4bb205dfdb7e;1,65396E+12
a9078f54-684b-4279-947e-e51c8c1552a6.binning_data.json;2022-05-31 02:34:22.251;2022-05-30 07:00:28.498;com.sec.android.app.shealth;-2;12267;12529677;8641184;48175903;VfS0qUERdZ;com.sec.android.app.shealth;a9078f54-684b-4279-947e-e51c8c1552a6;1,65387E+12
84b41997-6316-47a4-9bb4-167b632230a1.binning_data.json;2022-06-01 22:00:04.169;2022-05-31 22:00:06.847;com.sec.android.app.shealth;103;553;0.98509496;33195062;21019356;SumqgnI0Fz;com.sec.android.app.shealth;84b41997-6316-47a4-9bb4-167b632230a1;1,65396E+12
21a274fc-e3bb-4688-976b-e0d481fceb39.binning_data.json;2022-05-28 22:59:44.314;2022-05-28 22:59:44.314;com.sec.android.app.shealth;103;26439;12252083;18570.75;10575322;SumqgnI0Fz;com.sec.android.app.shealth;21a274fc-e3bb-4688-976b-e0d481fceb39;1,6537E+12
598956e3-fd60-47a6-968b-a643c8c13599.binning_data.json;2022-05-26 22:00:03.327;2022-05-26 22:00:03.327;com.sec.android.app.shealth;0;9454;13084219;7213.09;385.86;3JD7PDJoKB;com.sec.android.app.shealth;598956e3-fd60-47a6-968b-a643c8c13599;1,65352E+12
ecfac6cd-9de3-4d90-a047-5004f70d70d2.binning_data.json;2022-06-02 04:07:36.599;2022-06-01 06:27:27.501;com.sec.android.app.shealth;-2;6214;12386762;4341355;24015865;VfS0qUERdZ;com.sec.android.app.shealth;ecfac6cd-9de3-4d90-a047-5004f70d70d2;1,65404E+12
ce28ac2c-9d8a-4fb6-a491-b04eb837b24d.binning_data.json;2022-06-03 04:10:42.341;2022-06-01 22:02:32.835;com.sec.android.app.shealth;-2;9196;11682625;62409595;35129782;VfS0qUERdZ;com.sec.android.app.shealth;ce28ac2c-9d8a-4fb6-a491-b04eb837b24d;1,65413E+12
61af40ef-40b9-4b33-b1e8-92ad6fd9f285.binning_data.json;2022-06-03 22:00:07.620;2022-06-02 22:00:09.542;com.sec.android.app.shealth;103;7872;10739914;4842.94;28463467;SumqgnI0Fz;com.sec.android.app.shealth;61af40ef-40b9-4b33-b1e8-92ad6fd9f285;1,65413E+12
bf7cac8c-084a-459a-a576-d3ac15895531.binning_data.json;2022-05-30 02:14:34.990;2022-05-28 22:51:35.369;com.sec.android.app.shealth;-2;15648;12076482;10576556;6071007;VfS0qUERdZ;com.sec.android.app.shealth;bf7cac8c-084a-459a-a576-d3ac15895531;1,65378E+12
906f41ea-fba2-4539-b8d1-60b2f2da3aba.binning_data.json;2022-06-04 22:15:23.192;2022-06-03 22:18:57.715;com.sec.android.app.shealth;-2;13892;1149869;94028545;53423627;VfS0qUERdZ;com.sec.android.app.shealth;906f41ea-fba2-4539-b8d1-60b2f2da3aba;1,6543E+12
881bc2c5-3532-47cf-aafd-da348480e31a.binning_data.json;2022-06-04 22:00:06.869;2022-06-03 22:00:07.653;com.sec.android.app.shealth;103;7112;10860974;44022197;25855228;SumqgnI0Fz;com.sec.android.app.shealth;881bc2c5-3532-47cf-aafd-da348480e31a;1,65421E+12
10e653b7-11d1-4f6e-ab41-aa6965c4416f.binning_data.json;2022-06-03 23:33:04.820;2022-06-03 05:37:42.833;com.sec.android.app.shealth;-2;8366;11945388;57414634;32068442;VfS0qUERdZ;com.sec.android.app.shealth;10e653b7-11d1-4f6e-ab41-aa6965c4416f;1,65421E+12
3f32f167-80f7-49fc-aaae-6b3c9d72ebf4.binning_data.json;2022-06-05 22:00:05.309;2022-06-04 22:00:06.834;com.sec.android.app.shealth;103;11028;10431141;67168936;40372577;SumqgnI0Fz;com.sec.android.app.shealth;3f32f167-80f7-49fc-aaae-6b3c9d72ebf4;1,6543E+12
e0e806a1-3f47-4833-8d25-d710ad8ee497.binning_data.json;2022-05-31 22:00:03.910;2022-05-31 22:00:03.910;com.sec.android.app.shealth;0;419;12253075;315.55;17.54;3JD7PDJoKB;com.sec.android.app.shealth;e0e806a1-3f47-4833-8d25-d710ad8ee497;1,65396E+12
4dde08f3-561a-4b9d-9f02-7ff85c417b37.binning_data.json;2022-06-06 19:48:24.340;2022-06-05 22:00:41.933;com.sec.android.app.shealth;-2;2473;13013967;1879.61;100049965;VfS0qUERdZ;com.sec.android.app.shealth;4dde08f3-561a-4b9d-9f02-7ff85c417b37;1,65447E+12
2c19aaa8-da8a-46b9-9232-cd4b260e4575.binning_data.json;2022-05-30 22:00:02.926;2022-05-30 22:00:02.926;com.sec.android.app.shealth;0;10605;13560916;8141709;42963992;3JD7PDJoKB;com.sec.android.app.shealth;2c19aaa8-da8a-46b9-9232-cd4b260e4575;1,65387E+12
bc86995e-d36e-4dd4-91c1-77dfa7bc48f6.binning_data.json;2022-06-06 22:00:08.141;2022-06-05 22:00:05.605;com.sec.android.app.shealth;103;13381;10509633;81681265;48353018;SumqgnI0Fz;com.sec.android.app.shealth;bc86995e-d36e-4dd4-91c1-77dfa7bc48f6;1,65439E+12
98fa6cf5-39f6-43df-80ee-59d16accd7f4.binning_data.json;2022-06-06 06:00:59.928;2022-06-04 22:05:40.949;com.sec.android.app.shealth;-2;14869;11612753;10101362;566.23;VfS0qUERdZ;com.sec.android.app.shealth;98fa6cf5-39f6-43df-80ee-59d16accd7f4;1,65439E+12
63b6e6b3-8b5d-41ba-a411-5a5e29cac312.binning_data.json;2022-06-06 22:00:08.125;2022-06-06 22:00:08.125;com.sec.android.app.shealth;103;13;10234133;8040039;0.4699707;SumqgnI0Fz;com.sec.android.app.shealth;63b6e6b3-8b5d-41ba-a411-5a5e29cac312;1,65447E+12
08a084db-5488-4403-be22-0052508ddfea.binning_data.json;2022-06-08 21:03:21.220;2022-06-07 22:14:16.974;com.sec.android.app.shealth;-2;8535;15064428;67452993;397.43;VfS0qUERdZ;com.sec.android.app.shealth;08a084db-5488-4403-be22-0052508ddfea;1,65465E+12
783b3b26-28c0-420c-8440-2dec2d5aded9.binning_data.json;2022-06-02 22:00:06.461;2022-06-02 22:00:06.461;com.sec.android.app.shealth;0;7646;1290299;5810.7;30938998;3JD7PDJoKB;com.sec.android.app.shealth;783b3b26-28c0-420c-8440-2dec2d5aded9;1,65413E+12
5d572a7f-bd3a-4325-ad4e-aff6648c0cbd.binning_data.json;2022-06-01 22:00:02.054;2022-06-01 22:00:02.054;com.sec.android.app.shealth;0;4642;13713851;3573.93;18763995;3JD7PDJoKB;com.sec.android.app.shealth;5d572a7f-bd3a-4325-ad4e-aff6648c0cbd;1,65404E+12
0ef1f444-c60a-45e5-a2c8-bfe66d227b12.binning_data.json;2022-06-11 09:58:12.105;2022-06-10 06:43:04.376;com.sec.android.app.shealth;-2;8522;15001911;65327817;39195996;VfS0qUERdZ;com.sec.android.app.shealth;0ef1f444-c60a-45e5-a2c8-bfe66d227b12;1,65482E+12
e9b84d6a-0bfe-4f5b-9f3f-ae3fa096f362.binning_data.json;2022-06-08 22:04:29.747;2022-06-07 22:00:52.797;com.sec.android.app.shealth;103;6873;10722847;4221473;2500097;SumqgnI0Fz;com.sec.android.app.shealth;e9b84d6a-0bfe-4f5b-9f3f-ae3fa096f362;1,65456E+12
2f0ed4fc-6f93-49b2-ac39-48be95d9b754.binning_data.json;2022-06-08 22:04:29.804;2022-06-08 22:04:29.804;com.sec.android.app.shealth;103;6248;13042768;42173853;2687095;SumqgnI0Fz;com.sec.android.app.shealth;2f0ed4fc-6f93-49b2-ac39-48be95d9b754;1,65465E+12
b0ccbec7-7299-49c0-8863-d0452ed41aa4.binning_data.json;2022-06-03 22:00:05.077;2022-06-03 22:00:05.077;com.sec.android.app.shealth;0;6287;13093624;4806.23;25559999;3JD7PDJoKB;com.sec.android.app.shealth;b0ccbec7-7299-49c0-8863-d0452ed41aa4;1,65421E+12
e75df250-3fd5-48cd-8374-99a960cced24.binning_data.json;2022-06-07 22:57:20.384;2022-06-06 22:02:24.912;com.sec.android.app.shealth;-2;8862;12043219;61852744;34187955;VfS0qUERdZ;com.sec.android.app.shealth;e75df250-3fd5-48cd-8374-99a960cced24;1,65456E+12
660862a9-5fc0-4b1f-aa80-4fe19ed95dff.binning_data.json;2022-06-12 22:12:09.614;2022-06-11 22:27:50.542;com.sec.android.app.shealth;-2;10871;12114217;7511.52;41570236;VfS0qUERdZ;com.sec.android.app.shealth;660862a9-5fc0-4b1f-aa80-4fe19ed95dff;1,65499E+12
e69d3d08-42a4-4b85-bfcd-d6a1b1fbbcba.binning_data.json;2022-06-11 22:00:07.358;2022-06-10 22:00:06.762;com.sec.android.app.shealth;103;7381;1372638;50904883;32452158;SumqgnI0Fz;com.sec.android.app.shealth;e69d3d08-42a4-4b85-bfcd-d6a1b1fbbcba;1,65482E+12
76a9ca70-d089-47ac-901a-b1eb14f5ccda.binning_data.json;2022-06-04 22:00:02.861;2022-06-04 22:00:02.861;com.sec.android.app.shealth;0;11569;12593769;8759.09;46702997;3JD7PDJoKB;com.sec.android.app.shealth;76a9ca70-d089-47ac-901a-b1eb14f5ccda;1,6543E+12
f0522ef9-600f-4ecc-99bb-792c2b23aa85.binning_data.json;2022-06-09 22:14:16.073;2022-06-08 22:04:43.944;com.sec.android.app.shealth;-2;14235;12490159;10062.41;54992035;VfS0qUERdZ;com.sec.android.app.shealth;f0522ef9-600f-4ecc-99bb-792c2b23aa85;1,65473E+12
4f18aec5-a760-4706-a661-f91752eb2106.binning_data.json;2022-06-05 22:00:02.228;2022-06-05 22:00:02.228;com.sec.android.app.shealth;0;13025;12734253;9884.83;52505994;3JD7PDJoKB;com.sec.android.app.shealth;4f18aec5-a760-4706-a661-f91752eb2106;1,65439E+12
6b98ab2c-3405-4d07-ab1e-87a7cd9742d5.binning_data.json;2022-06-10 22:00:06.777;2022-06-09 22:00:12.850;com.sec.android.app.shealth;103;12782;11040641;7936708;45971362;SumqgnI0Fz;com.sec.android.app.shealth;6b98ab2c-3405-4d07-ab1e-87a7cd9742d5;1,65473E+12
4154239f-d736-4db5-8886-7625eb65983d.binning_data.json;2022-06-14 21:51:27.686;2022-06-13 22:30:22.429;com.sec.android.app.shealth;-2;7677;15010344;5907119;34799265;VfS0qUERdZ;com.sec.android.app.shealth;4154239f-d736-4db5-8886-7625eb65983d;1,65516E+12
e8fbb072-20c7-4a81-b141-20ade439dc6e.binning_data.json;2022-06-13 22:00:13.302;2022-06-12 22:00:09.387;com.sec.android.app.shealth;103;9438;10887241;5816654;33763553;SumqgnI0Fz;com.sec.android.app.shealth;e8fbb072-20c7-4a81-b141-20ade439dc6e;1,65499E+12
e7c601dd-eeeb-413c-bd06-a592c5684ca6.binning_data.json;2022-06-11 22:30:25.265;2022-06-11 08:12:56.377;com.sec.android.app.shealth;-2;6734;11999876;4576967;25621152;VfS0qUERdZ;com.sec.android.app.shealth;e7c601dd-eeeb-413c-bd06-a592c5684ca6;1,65491E+12
634de913-8585-452c-b814-738a862a35ca.binning_data.json;2022-06-12 22:00:09.459;2022-06-11 22:00:07.330;com.sec.android.app.shealth;103;5941;11110575;37085234;2153022;SumqgnI0Fz;com.sec.android.app.shealth;634de913-8585-452c-b814-738a862a35ca;1,65491E+12
41e757fa-c35f-460f-b3eb-f0055dcde979.binning_data.json;2022-06-07 22:14:17.253;2022-06-07 22:00:02.884;com.sec.android.app.shealth;0;7740;13113593;5916.02;31329996;3JD7PDJoKB;com.sec.android.app.shealth;41e757fa-c35f-460f-b3eb-f0055dcde979;1,65456E+12
70ec8e94-004c-4159-8c7d-816614005eb5.binning_data.json;2022-06-14 22:00:07.158;2022-06-14 22:00:07.158;com.sec.android.app.shealth;103;6277;13280442;42540527;26828674;SumqgnI0Fz;com.sec.android.app.shealth;70ec8e94-004c-4159-8c7d-816614005eb5;1,65516E+12
93293d59-8588-4cfd-a6b6-6137139676ec.binning_data.json;2022-06-16 21:36:47.530;2022-06-16 08:19:02.552;com.sec.android.app.shealth;-2;11541;12309793;80049424;44001248;VfS0qUERdZ;com.sec.android.app.shealth;93293d59-8588-4cfd-a6b6-6137139676ec;1,65534E+12
4b5e5b54-50e1-4884-95fb-b2a56b0ae5e4.binning_data.json;2022-06-06 22:00:03.418;2022-06-06 22:00:03.418;com.sec.android.app.shealth;0;2460;13029169;1871.57;99579994;3JD7PDJoKB;com.sec.android.app.shealth;4b5e5b54-50e1-4884-95fb-b2a56b0ae5e4;1,65447E+12
ec1b92bc-2878-4f9b-8eac-8a3e799e6d97.binning_data.json;2022-06-13 21:56:12.365;2022-06-12 22:12:28.092;com.sec.android.app.shealth;-2;8248;12768861;5869605;31963138;VfS0qUERdZ;com.sec.android.app.shealth;ec1b92bc-2878-4f9b-8eac-8a3e799e6d97;1,65508E+12
3044dfca-d400-48e4-b3f3-aa263d9cae94.binning_data.json;2022-06-13 22:00:13.290;2022-06-13 22:00:13.290;com.sec.android.app.shealth;103;6471;11396861;40535928;2339529;SumqgnI0Fz;com.sec.android.app.shealth;3044dfca-d400-48e4-b3f3-aa263d9cae94;1,65508E+12
3a18d411-41d3-41c2-81cf-e20e5d1ebc0c.binning_data.json;2022-06-16 22:00:04.656;2022-06-16 22:00:04.656;com.sec.android.app.shealth;103;10019;1116539;6243.01;35821362;SumqgnI0Fz;com.sec.android.app.shealth;3a18d411-41d3-41c2-81cf-e20e5d1ebc0c;1,65534E+12
a93467f7-b192-4bd5-8a4c-2a1afceadead.binning_data.json;2022-06-09 22:00:10.761;2022-06-09 22:00:10.761;com.sec.android.app.shealth;0;12240;13534818;9388.43;49277994;3JD7PDJoKB;com.sec.android.app.shealth;a93467f7-b192-4bd5-8a4c-2a1afceadead;1,65473E+12
2744567f-fea5-4433-9aa2-a645dcd66d30.binning_data.json;2022-06-15 22:00:03.869;2022-06-15 22:00:03.869;com.sec.android.app.shealth;103;775;10369308;4764397;28250313;SumqgnI0Fz;com.sec.android.app.shealth;2744567f-fea5-4433-9aa2-a645dcd66d30;1,65525E+12
8c0d48a0-afb1-4708-b50c-55bd9195ede4.binning_data.json;2022-06-19 01:30:43.624;2022-06-17 22:07:33.520;com.sec.android.app.shealth;-2;17739;11946789;12153669;6733285;VfS0qUERdZ;com.sec.android.app.shealth;8c0d48a0-afb1-4708-b50c-55bd9195ede4;1,65551E+12
c1a36707-3349-471b-bc95-7d7c1c0886a5.binning_data.json;2022-06-08 22:04:22.419;2022-06-07 22:14:17.250;com.sec.android.app.shealth;0;7591;16260724;6415.19;37316998;3JD7PDJoKB;com.sec.android.app.shealth;c1a36707-3349-471b-bc95-7d7c1c0886a5;1,65465E+12
12614bc6-797a-4b8b-91c9-826ce5febb31.binning_data.json;2022-06-19 22:00:05.973;2022-06-18 22:00:04.710;com.sec.android.app.shealth;103;16585;10746399;10164529;5940146;SumqgnI0Fz;com.sec.android.app.shealth;12614bc6-797a-4b8b-91c9-826ce5febb31;1,65551E+12
fb8442be-4785-43c9-8c97-93a539541157.binning_data.json;2022-06-18 22:00:04.710;2022-06-17 22:00:04.412;com.sec.android.app.shealth;103;14310;12357605;9347316;55865424;SumqgnI0Fz;com.sec.android.app.shealth;fb8442be-4785-43c9-8c97-93a539541157;1,65542E+12
c6134b58-eb69-41d9-a5f2-0b01560f2866.binning_data.json;2022-06-20 20:52:04.809;2022-06-19 22:12:32.712;com.sec.android.app.shealth;-2;11352;12228259;7855622;43549463;VfS0qUERdZ;com.sec.android.app.shealth;c6134b58-eb69-41d9-a5f2-0b01560f2866;1,65568E+12
8f7116e1-ec6b-42a9-ae8e-cde6f39d96e3.binning_data.json;2022-06-15 21:09:23.363;2022-06-14 22:00:34.032;com.sec.android.app.shealth;-2;1323;11377028;9100064;51680283;VfS0qUERdZ;com.sec.android.app.shealth;8f7116e1-ec6b-42a9-ae8e-cde6f39d96e3;1,65525E+12
96bc467e-af8a-43ea-afc4-2ecf32b3dcd0.binning_data.json;2022-06-10 22:00:02.550;2022-06-10 22:00:02.550;com.sec.android.app.shealth;0;6527;14983271;52567993;28891995;3JD7PDJoKB;com.sec.android.app.shealth;96bc467e-af8a-43ea-afc4-2ecf32b3dcd0;1,65482E+12
ac5d94de-3534-4a8d-b395-98125bf627b5.binning_data.json;2022-06-20 22:00:50.344;2022-06-20 22:00:50.344;com.sec.android.app.shealth;103;9520;11159267;5922186;3428409;SumqgnI0Fz;com.sec.android.app.shealth;ac5d94de-3534-4a8d-b395-98125bf627b5;1,65568E+12
85c62446-2c73-4d17-8779-ad60c01fd1c2.binning_data.json;2022-06-11 22:12:28.920;2022-06-11 22:00:03.436;com.sec.android.app.shealth;0;4737;13603142;3644.15;19221999;3JD7PDJoKB;com.sec.android.app.shealth;85c62446-2c73-4d17-8779-ad60c01fd1c2;1,65491E+12
b01193a8-2364-4db8-a00a-73393874b16b.binning_data.json;2022-06-17 23:09:21.156;2022-06-16 22:04:00.918;com.sec.android.app.shealth;-2;15697;13878018;11575367;65352625;VfS0qUERdZ;com.sec.android.app.shealth;b01193a8-2364-4db8-a00a-73393874b16b;1,65542E+12
f17337af-8dd3-4ee5-a4fe-a6dbc80c61b6.binning_data.json;2022-06-22 19:48:14.797;2022-06-22 05:05:56.836;com.sec.android.app.shealth;-2;17532;1394183;13155764;75567426;VfS0qUERdZ;com.sec.android.app.shealth;f17337af-8dd3-4ee5-a4fe-a6dbc80c61b6;1,65586E+12
d306601d-bb5e-4d1a-915a-0e437e8ff444.binning_data.json;2022-06-12 22:00:02.530;2022-06-12 22:00:02.530;com.sec.android.app.shealth;0;8739;13377713;6696.79;35281998;3JD7PDJoKB;com.sec.android.app.shealth;d306601d-bb5e-4d1a-915a-0e437e8ff444;1,65499E+12
a10ab793-ba66-44f2-a660-b5038a78a3f4.binning_data.json;2022-06-22 22:00:05.651;2022-06-22 22:00:05.651;com.sec.android.app.shealth;103;14786;12209082;9616864;58252936;SumqgnI0Fz;com.sec.android.app.shealth;a10ab793-ba66-44f2-a660-b5038a78a3f4;1,65586E+12
1e5d880a-f946-40e4-8f4c-ce2f3be52538.binning_data.json;2022-06-19 22:00:05.961;2022-06-19 22:00:05.961;com.sec.android.app.shealth;103;8121;1098103;50298623;29309427;SumqgnI0Fz;com.sec.android.app.shealth;1e5d880a-f946-40e4-8f4c-ce2f3be52538;1,6556E+12
dc9dd888-9ff4-4166-98b2-c8cca3e4065a.binning_data.json;2022-06-19 21:51:34.782;2022-06-19 09:34:22.799;com.sec.android.app.shealth;-2;9307;12059768;64150923;35543747;VfS0qUERdZ;com.sec.android.app.shealth;dc9dd888-9ff4-4166-98b2-c8cca3e4065a;1,6556E+12
fce0853c-1148-4fc5-aab6-63b3f4bdff6c.binning_data.json;2022-06-24 22:00:06.291;2022-06-24 22:00:06.291;com.sec.android.app.shealth;103;10804;11211638;6723394;38705374;SumqgnI0Fz;com.sec.android.app.shealth;fce0853c-1148-4fc5-aab6-63b3f4bdff6c;1,65603E+12
4e005048-7ed1-47c7-92b4-006b5375c0a8.binning_data.json;2022-06-13 22:00:03.705;2022-06-13 22:00:03.705;com.sec.android.app.shealth;0;7170;138055;5539.83;29138998;3JD7PDJoKB;com.sec.android.app.shealth;4e005048-7ed1-47c7-92b4-006b5375c0a8;1,65508E+12
092c10c4-4438-4ed8-85d5-ee3f759ebae9.binning_data.json;2022-06-21 22:00:04.983;2022-06-21 22:00:04.983;com.sec.android.app.shealth;103;9905;10823159;60895156;35695212;SumqgnI0Fz;com.sec.android.app.shealth;092c10c4-4438-4ed8-85d5-ee3f759ebae9;1,65577E+12
e0532f9c-eb4e-4ff5-b23a-285465c58a83.binning_data.json;2022-06-14 22:00:02.859;2022-06-14 22:00:02.859;com.sec.android.app.shealth;0;6737;16624106;57221797;33158002;3JD7PDJoKB;com.sec.android.app.shealth;e0532f9c-eb4e-4ff5-b23a-285465c58a83;1,65516E+12
bf8c57b9-b884-4b57-9633-8217f8252cd1.binning_data.json;2022-06-24 22:07:53.185;2022-06-24 06:24:42.815;com.sec.android.app.shealth;-2;12874;12518688;8994151;4924386;VfS0qUERdZ;com.sec.android.app.shealth;bf8c57b9-b884-4b57-9633-8217f8252cd1;1,65603E+12
0b143a5f-3630-4d99-8ec6-78b9036fde50.binning_data.json;2022-06-15 22:00:01.683;2022-06-15 22:00:01.683;com.sec.android.app.shealth;0;731;12424175;55566003;30.39;3JD7PDJoKB;com.sec.android.app.shealth;0b143a5f-3630-4d99-8ec6-78b9036fde50;1,65525E+12
a87e65ee-097f-4c89-9611-1136e572061e.binning_data.json;2022-06-21 21:16:16.982;2022-06-21 05:09:02.547;com.sec.android.app.shealth;-2;11419;11961654;7794549;4352943;VfS0qUERdZ;com.sec.android.app.shealth;a87e65ee-097f-4c89-9611-1136e572061e;1,65577E+12
7c6423da-0449-418c-8af9-a76d25b05e6a.binning_data.json;2022-06-23 22:00:06.179;2022-06-23 22:00:06.179;com.sec.android.app.shealth;103;7532;11222212;47175596;27385336;SumqgnI0Fz;com.sec.android.app.shealth;7c6423da-0449-418c-8af9-a76d25b05e6a;1,65594E+12
68e8cfdd-7406-46e3-a825-9f163cf89165.binning_data.json;2022-06-17 22:00:01.994;2022-06-17 22:00:01.994;com.sec.android.app.shealth;0;11748;14217956;9102.43;47354996;3JD7PDJoKB;com.sec.android.app.shealth;68e8cfdd-7406-46e3-a825-9f163cf89165;1,65542E+12
aa6eceb6-10fa-46db-bfa1-7b84fe0812a9.binning_data.json;2022-06-16 22:00:02.006;2022-06-16 22:00:02.006;com.sec.android.app.shealth;0;9308;13579233;7149.39;37655997;3JD7PDJoKB;com.sec.android.app.shealth;aa6eceb6-10fa-46db-bfa1-7b84fe0812a9;1,65534E+12
1aa25d1d-a513-4231-9294-5119d19b3ec1.binning_data.json;2022-06-23 21:32:26.404;2022-06-23 07:51:48.320;com.sec.android.app.shealth;-2;9192;12488611;6472975;35431647;VfS0qUERdZ;com.sec.android.app.shealth;1aa25d1d-a513-4231-9294-5119d19b3ec1;1,65594E+12
8bb0e13a-c01b-490c-adf7-ac2907dad17b.binning_data.json;2022-06-18 22:00:02.734;2022-06-18 22:00:02.734;com.sec.android.app.shealth;0;15641;13083744;11907.83;62939996;3JD7PDJoKB;com.sec.android.app.shealth;8bb0e13a-c01b-490c-adf7-ac2907dad17b;1,65551E+12
54e38a6c-1678-4277-9adc-9ecc794826e0.binning_data.json;2022-06-19 22:00:03.509;2022-06-19 22:00:03.509;com.sec.android.app.shealth;0;7728;13149601;5899.66;312.68;3JD7PDJoKB;com.sec.android.app.shealth;54e38a6c-1678-4277-9adc-9ecc794826e0;1,6556E+12
79f73a93-b787-4f1d-8a17-c42896e03adc.binning_data.json;2022-06-25 13:43:01.369;2022-06-24 22:07:52.833;com.sec.android.app.shealth;-2;90;11004233;66920006;3.63;VfS0qUERdZ;com.sec.android.app.shealth;79f73a93-b787-4f1d-8a17-c42896e03adc;1,65612E+12
1511e645-3931-4c2d-a751-700c22f38039.binning_data.json;2022-06-20 22:00:04.238;2022-06-20 22:00:04.238;com.sec.android.app.shealth;0;9832;13466885;75465303;39821997;3JD7PDJoKB;com.sec.android.app.shealth;1511e645-3931-4c2d-a751-700c22f38039;1,65568E+12
7e26d6c2-ac3a-4006-bfb3-d0fc8fca71b2.binning_data.json;2022-06-21 22:00:02.232;2022-06-21 22:00:02.232;com.sec.android.app.shealth;0;9766;13310779;74718604;39503998;3JD7PDJoKB;com.sec.android.app.shealth;7e26d6c2-ac3a-4006-bfb3-d0fc8fca71b2;1,65577E+12
1252d98f-a4ab-4121-b0c1-8b28d25c0a69.binning_data.json;2022-06-23 22:00:03.640;2022-06-23 22:00:03.640;com.sec.android.app.shealth;0;7552;1346408;5789.77;306.18;3JD7PDJoKB;com.sec.android.app.shealth;1252d98f-a4ab-4121-b0c1-8b28d25c0a69;1,65594E+12
0dd577f3-67c3-42a8-81ec-18eb1e8e5cc7.binning_data.json;2022-06-22 22:00:02.716;2022-06-22 22:00:02.716;com.sec.android.app.shealth;0;15158;1524111;12440279;695.35;3JD7PDJoKB;com.sec.android.app.shealth;0dd577f3-67c3-42a8-81ec-18eb1e8e5cc7;1,65586E+12
e8afe2ea-88b0-43ca-85bb-cd3623742610.binning_data.json;2022-06-24 22:00:02.608;2022-06-24 22:00:02.608;com.sec.android.app.shealth;0;11105;13766971;8555.21;44932996;3JD7PDJoKB;com.sec.android.app.shealth;e8afe2ea-88b0-43ca-85bb-cd3623742610;1,65603E+12
